stock,small,medium,large
SAB,7.698486235684468,7.698486235684468,7.698486235684468
MIP,1.7149987465866305,1.7149987465866305,1.7149987465866305
SJZ,3.9119019823556673,3.9119019823556673,3.9119019823556673
SJU,12.45848852892693,12.45848852892693,12.45848852892693
EOJ,2.8135730521432127,2.8135730521432127,2.8135730521432127
SGO,2.311579255586472,2.311579255586472,2.311579255586472
OTH,7.500386108028137,7.500386108028137,7.500386108028137
